actual,predicted,confidence
none,none,0.99998665
none,none,0.9999924
none,none,0.9999924
none,none,0.9999666
limit_warning,limit_warning,0.9999751
none,sleep,0.8172151
none,none,0.99999344
sleep,sleep,0.99890685
none,none,0.99998164
none,none,0.9999654
none,none,0.99996686
none,none,0.9999906
none,none,0.9998963
none,none,0.9999722
sleep,sleep,0.9997428
none,none,0.9999901
both,both,0.99999714
none,none,0.9999857
none,none,0.99999607
none,none,0.9999901
none,none,0.9999819
none,none,0.99997866
limit_warning,limit_warning,0.99999714
both,both,0.99996126
limit_warning,limit_warning,0.99997795
none,none,0.9999963
none,none,0.99988747
none,none,0.99999595
none,none,0.999995
none,none,0.99999726
none,none,0.9999906
none,none,0.99990463
none,none,0.9999994
limit_warning,limit_warning,0.9985024
none,none,0.99999464
none,none,0.99999547
none,none,0.99975294
none,none,0.99999547
none,none,0.99999785
sleep,sleep,0.9999901
none,none,0.99999034
none,none,0.99974674
none,none,0.99994326
none,sleep,0.7069275
both,both,0.99391234
none,none,0.9999944
none,none,0.9999995
none,none,0.9956233
none,none,0.9548005
none,none,0.84465283
none,none,0.9999938
limit_warning,limit_warning,0.9797981
sleep,sleep,0.99999607
none,none,0.99995303
none,none,0.99999833
none,none,0.9999944
none,none,0.99998784
none,none,0.8094706
none,none,0.99999976
sleep,sleep,0.9999567
sleep,sleep,0.99811816
limit_warning,limit_warning,0.9995178
none,none,0.9987913
none,none,0.9999993
none,none,0.9999994
none,none,0.99978596
limit_warning,limit_warning,0.99999416
sleep,sleep,0.9986437
none,none,0.99999857
none,none,0.99996936
none,none,0.999962
limit_warning,limit_warning,0.99807906
both,both,0.9851724
none,none,0.9999995
none,none,0.99999344
none,none,0.9999913
none,none,0.99999166
limit_warning,limit_warning,0.9999422
none,none,0.9999777
none,none,0.99977976
none,none,0.9999554
none,none,0.73166513
none,none,0.99999726
sleep,sleep,0.9999206
limit_warning,limit_warning,0.9998398
none,none,0.99999917
sleep,sleep,0.9999763
none,none,0.9997991
none,none,0.9999826
none,none,0.9989604
none,none,0.99999964
limit_warning,limit_warning,0.99995494
none,none,0.9999584
none,none,0.99999547
limit_warning,limit_warning,0.99992704
none,none,0.9999999
none,none,0.9999975
none,none,0.99999857
none,none,0.99984264
none,none,0.9999938
none,none,0.99909925
sleep,sleep,0.9999368
none,none,0.99999654
none,none,0.9999932
none,none,0.9999999
none,none,0.9999323
none,sleep,0.8010569
none,none,0.9999995
both,both,0.9998821
none,none,0.8980363
none,none,1.0
none,none,0.9999937
sleep,sleep,0.9999205
none,none,0.9999982
both,both,0.9992261
both,both,0.99999857
none,none,0.99993527
both,both,0.9999238
none,none,0.9999893
none,none,0.9999993
limit_warning,limit_warning,0.9999988
none,none,0.9998728
none,none,0.99997747
sleep,sleep,0.9999981
limit_warning,limit_warning,0.9998129
none,none,0.9999902
none,none,0.9999926
none,none,0.9999974
limit_warning,limit_warning,0.99998415
none,none,0.9999912
none,none,0.9999994
none,none,0.9999802
none,none,0.9999819
none,none,0.9999982
none,none,0.99995613
none,sleep,0.63444453
none,none,0.99991405
none,none,0.99991596
none,none,0.9999757
sleep,sleep,0.99998426
none,none,0.99997115
limit_warning,limit_warning,0.9999993
none,none,0.9999957
none,none,0.8814865
limit_warning,limit_warning,0.9999286
none,none,0.9991842
none,none,0.9999522
sleep,sleep,0.99999845
none,none,0.9999956
none,none,0.9993895
none,none,0.99999523
sleep,sleep,0.99917114
both,both,0.9999989
none,none,0.9999987
sleep,sleep,0.9999021
none,none,0.9988341
limit_warning,limit_warning,0.9999349
limit_warning,limit_warning,0.9998946
none,none,0.99999297
none,none,0.9999945
sleep,sleep,0.9213145
none,none,0.9999969
none,none,0.9653368
none,none,0.9971047
none,none,0.99999833
none,none,0.99996436
none,none,0.99997723
both,both,0.9999987
limit_warning,limit_warning,0.9999325
none,none,0.9999554
none,none,0.9999895
none,none,0.99999475
none,none,0.9999974
none,none,0.99999726
none,none,0.8345036
none,none,0.99999857
none,none,0.9993524
sleep,sleep,0.9999833
none,none,0.99999964
none,none,0.999964
none,none,0.9999975
none,none,0.99973863
none,none,0.9999949
limit_warning,limit_warning,0.99997854
both,both,0.9999877
none,none,0.9999989
limit_warning,limit_warning,0.9999846
sleep,sleep,0.9999591
sleep,sleep,0.7455069
limit_warning,limit_warning,0.99975044
none,none,0.99999225
none,none,0.9999944
none,none,0.999972
both,both,0.999985
none,none,0.9999778
none,none,0.9989864
none,none,0.9999976
limit_warning,limit_warning,0.99996233
limit_warning,limit_warning,0.9794877
none,none,0.99999654
none,none,0.9999715
both,both,0.94153225
none,none,0.9997002
none,none,1.0
none,none,0.99998784
none,none,0.9999509
none,none,0.99996746
none,none,0.9999989
none,none,0.99999654
none,none,0.9999405
sleep,sleep,0.99999785
none,none,0.9999821
none,none,0.99999976
none,none,0.99981993
none,none,0.9999783
none,none,0.9999995
none,none,0.9999808
none,sleep,0.9923229
none,none,0.9986374
both,both,0.999997
both,both,0.99999964
none,none,0.9999999
none,none,0.9999865
none,none,0.9999974
both,both,0.9999863
none,none,0.9902687
none,none,0.9999982
none,none,0.9999131
sleep,sleep,0.9985813
none,none,0.999992
both,both,0.9999945
none,none,0.99999964
sleep,sleep,0.99996805
none,none,0.99997544
none,none,0.999992
none,none,0.88271886
sleep,sleep,0.99993503
both,both,0.9999875
sleep,sleep,0.9330929
none,none,0.9999392
none,none,0.9999856
limit_warning,limit_warning,0.990802
sleep,sleep,0.9998516
both,limit_warning,0.56033725
none,none,0.9999989
sleep,sleep,0.9997824
none,none,0.9999994
sleep,sleep,0.99750274
none,none,0.99999726
none,none,0.999972
both,both,0.9941334
none,none,0.9999448
none,none,0.99981433
none,none,0.9999354
none,none,0.9999995
none,none,0.9999976
limit_warning,limit_warning,0.99830085
none,none,0.99998486
none,none,0.99993277
none,none,0.99996483
none,none,0.9995521
none,none,0.9999981
none,none,0.99993074
sleep,sleep,0.99997723
none,none,0.9999987
none,none,0.9999713
none,none,0.9998698
none,none,0.9999982
none,none,0.99996305
none,none,0.9995136
none,none,0.99761236
none,none,0.999964
none,none,0.99999976
sleep,sleep,0.9999931
none,none,0.9999943
none,none,0.9999963
none,none,0.99999654
none,none,0.99996424
limit_warning,limit_warning,0.99998295
none,none,0.99999905
none,none,0.9999162
none,none,0.99999774
none,none,0.99999785
none,none,0.99980515
none,none,0.99998593
none,none,0.99966156
limit_warning,limit_warning,0.99999964
none,none,0.9999447
none,none,0.9999355
sleep,sleep,0.9998503
none,none,0.9999589
sleep,sleep,0.9999995
none,none,0.99998367
none,none,0.9999453
sleep,sleep,0.9999492
none,none,0.9999975
limit_warning,limit_warning,0.9999596
none,none,0.9999857
both,both,0.999997
none,none,0.9999989
none,none,0.9999926
none,none,0.94223934
none,none,1.0
none,none,0.99977094
limit_warning,limit_warning,0.9998934
none,none,0.99999225
none,none,0.9999851
none,none,0.9999995
both,both,0.99944204
none,none,0.999995
none,none,0.99996567
none,none,0.99999833
limit_warning,limit_warning,0.99998856
none,none,0.98175275
none,none,0.96480685
none,none,0.99986494
none,none,0.99997663
none,none,0.9998159
none,none,0.999943
limit_warning,both,0.7405352
none,none,0.9954472
limit_warning,limit_warning,0.9999968
none,none,0.999987
none,none,0.99967694
none,none,0.9983444
none,none,0.9999645
none,none,0.99999833
sleep,sleep,0.9999491
none,none,0.9999999
both,both,0.99986124
none,none,0.9999925
none,none,0.99994755
none,none,0.9999751
none,none,0.9999925
none,none,0.99999785
none,none,1.0
sleep,sleep,0.9999778
sleep,sleep,0.9992623
none,none,0.9999815
none,none,0.99999285
none,none,0.99990773
none,none,0.9999964
none,none,0.99999654
none,none,0.9999987
none,none,1.0
none,none,0.9999924
both,both,0.76862365
limit_warning,limit_warning,0.999964
none,none,0.99999964
none,none,0.9999937
none,none,0.9989618
none,none,0.9999981
none,none,0.9999949
none,none,0.99992085
sleep,sleep,0.999997
none,none,0.99991655
limit_warning,limit_warning,0.99992573
none,none,0.9998191
sleep,sleep,0.9998165
none,none,0.9999536
none,none,0.99995875
limit_warning,limit_warning,0.9999951
none,none,0.9999194
both,both,0.9999933
none,none,0.9999945
none,none,0.9999832
none,none,0.9999325
none,none,0.99998677
limit_warning,limit_warning,0.9988656
none,none,0.99999666
none,none,0.9999987
none,none,0.99999845
none,none,0.99996877
none,none,0.9999958
sleep,sleep,0.7391654
none,none,0.97902393
none,none,0.9999999
none,none,0.9999912
none,none,0.9999145
none,none,0.99999976
none,none,0.9999573
none,none,0.9999968
both,both,0.90790486
sleep,sleep,0.99990594
none,none,0.9999968
none,none,0.99999285
none,none,0.9999924
none,none,0.9999894
none,none,0.9999999
none,none,0.9999981
both,both,0.99998486
none,none,0.9999337
limit_warning,limit_warning,0.9984485
sleep,sleep,0.99999833
none,none,0.99999356
none,none,0.9999974
limit_warning,limit_warning,0.9996362
sleep,sleep,0.96366763
none,none,0.9999988
none,none,0.999997
none,none,0.99993193
limit_warning,limit_warning,0.999678
none,sleep,0.83910453
none,none,0.99997175
none,none,0.99999905
none,none,0.999961
none,none,0.9999534
none,none,0.9999933
none,none,0.99999845
none,none,0.98912597
none,none,0.99984336
both,both,0.9997348
sleep,sleep,0.9998908
none,none,0.9999981
none,none,0.9999999
none,none,0.9999877
none,none,0.99166054
none,none,0.9996908
both,both,0.99999976
none,none,0.99999464
none,none,0.9980938
none,none,0.99999726
none,none,0.9999908
none,none,0.9984534
none,none,0.99999833
none,none,0.99998903
none,none,0.9999672
sleep,sleep,0.999941
none,none,0.9999939
sleep,sleep,0.8774298
limit_warning,limit_warning,0.9999658
none,none,0.99999785
limit_warning,limit_warning,0.99999034
none,none,0.99999714
none,none,0.9999877
limit_warning,limit_warning,0.99989617
none,none,0.9999149
sleep,sleep,0.99991894
limit_warning,limit_warning,0.9997633
none,none,0.99999976
limit_warning,limit_warning,0.99999344
none,none,0.99999964
sleep,sleep,0.9999472
none,none,0.9997602
none,none,0.99999774
none,none,0.9999831
none,none,0.99999976
sleep,sleep,0.99954957
none,none,0.99999475
sleep,sleep,0.94277424
both,both,0.9999771
sleep,sleep,0.9999683
none,none,0.999987
none,none,0.99999785
limit_warning,limit_warning,0.9999734
none,none,0.99999547
none,none,0.99995685
none,none,0.99996245
none,none,0.99999726
none,none,0.9999896
none,none,1.0
none,none,0.94725573
sleep,sleep,0.9999734
none,none,0.99999833
limit_warning,limit_warning,0.8835421
both,both,0.9999969
none,none,0.99999905
none,none,0.9964244
none,none,0.9999938
none,none,0.9999989
none,none,0.99999905
none,none,0.99999976
none,none,0.9718783
none,none,0.99999464
none,none,0.9999932
sleep,sleep,0.9999447
none,none,0.99999857
sleep,sleep,0.999546
none,none,0.9999987
both,sleep,0.9377791
none,none,0.9999999
none,none,0.9999832
none,none,0.99999285
sleep,sleep,0.9997961
none,none,0.9999976
none,none,0.99998045
none,none,0.99998176
none,none,0.9999635
both,both,0.9999273
both,both,0.5654155
none,none,0.99995923
none,none,0.99998903
none,none,0.9999653
none,none,0.9999989
none,none,0.9999547
sleep,sleep,0.99997866
none,none,0.9999956
none,none,0.9999368
none,none,0.99999106
none,limit_warning,0.5744192
none,none,0.99999964
limit_warning,limit_warning,0.99997115
none,none,0.99999905
none,none,0.9999958
both,both,0.92656356
none,none,0.99999726
limit_warning,limit_warning,0.6793326
none,none,0.9998863
none,none,0.9999994
none,none,0.99924856
limit_warning,limit_warning,0.99997985
none,none,0.99996054
sleep,sleep,0.9999906
limit_warning,limit_warning,0.9989471
none,none,0.99976796
none,none,0.9999981
none,none,0.9999994
none,none,0.97883
none,none,0.99998903
none,none,0.9999981
none,none,0.9999535
sleep,sleep,0.99997795
none,none,0.99999833
none,none,0.99999976
none,none,0.9999783
none,none,0.9999999
none,none,0.99997437
none,none,0.9996536
none,none,0.9999734
none,none,0.99990857
both,both,0.9999727
none,none,1.0
none,none,0.99999905
none,none,0.9999571
none,none,0.99996126
none,none,0.99999535
none,none,0.9999918
none,none,0.9999969
none,none,0.8425044
none,none,0.99992347
none,none,0.99985766
sleep,sleep,0.8690983
none,none,0.9999366
none,none,0.99998426
none,none,0.9999974
both,both,0.9995733
none,none,0.99999464
sleep,sleep,0.98205006
none,none,0.9999993
none,none,0.99996316
none,none,0.9999846
none,none,0.9999974
both,both,0.99999774
none,none,0.999992
sleep,sleep,0.9999614
limit_warning,limit_warning,0.99977654
none,none,0.9999939
none,none,0.9999664
sleep,sleep,0.9999665
none,none,0.9999982
none,none,0.99999547
none,none,0.99999166
both,both,0.99990976
none,none,0.99999917
none,none,0.99999976
limit_warning,limit_warning,0.9999938
none,none,0.9999136
none,none,0.9999919
none,none,0.99992025
sleep,sleep,0.8680651
none,limit_warning,0.88824695
none,none,0.9999913
none,none,1.0
none,none,0.99995124
none,none,0.99996734
limit_warning,limit_warning,0.9999882
sleep,sleep,0.9999813
sleep,sleep,0.95828724
none,none,0.99999905
sleep,sleep,0.99899846
none,none,0.9999919
none,none,0.9999999
none,none,0.9999502
none,none,0.9999739
none,none,0.9999914
none,none,0.999998
none,none,0.99999964
none,none,0.9998882
sleep,sleep,0.99981815
none,none,0.999985
both,both,0.99974614
none,sleep,0.72489285
sleep,sleep,0.9997218
none,none,0.99999154
none,none,0.9999925
none,none,0.99998903
none,none,0.9999994
both,both,0.9993205
none,none,0.99984276
none,none,0.9999964
none,none,0.9999845
limit_warning,limit_warning,0.99992955
none,none,0.99999964
none,none,0.99988425
none,none,0.9999988
none,none,0.9999603
none,none,0.9999856
none,none,0.9999864
none,none,0.9999839
none,none,0.9985373
sleep,sleep,0.9971904
sleep,sleep,0.9998584
none,none,0.9999969
none,none,0.9999989
none,none,0.9999949
none,none,0.99999106
none,none,0.9999738
none,sleep,0.84015054
none,none,0.99999774
sleep,sleep,0.9999993
none,none,0.9999769
none,none,0.9999939
none,none,0.9999536
none,none,0.9999628
none,none,0.9999721
none,none,0.99999774
none,none,0.9999399
none,none,0.999954
none,none,0.99994576
sleep,sleep,0.99997914
both,both,0.9999547
limit_warning,limit_warning,0.999977
limit_warning,limit_warning,0.99999833
none,none,0.99999964
none,none,0.99998486
sleep,sleep,0.9997112
none,none,0.999997
limit_warning,limit_warning,0.99996614
none,none,0.99998426
none,none,0.9690582
none,none,0.999995
limit_warning,limit_warning,0.9999982
none,none,0.9999912
none,none,0.99999976
none,none,0.99999225
none,none,0.999979
none,none,0.99998903
limit_warning,limit_warning,0.99631953
none,none,0.9999957
none,none,0.99999166
none,none,0.99999964
none,none,0.9995499
none,none,0.994888
sleep,sleep,0.9981646
none,none,0.9999912
both,both,0.99991846
none,none,0.99999416
none,none,0.99992394
sleep,sleep,0.99991834
none,none,0.999944
none,none,0.9997918
none,none,0.9996086
limit_warning,limit_warning,0.9999962
none,none,0.99998856
none,none,0.9998802
sleep,sleep,0.9999428
none,none,0.99999404
sleep,sleep,0.9994326
limit_warning,limit_warning,0.9999511
none,none,0.9999603
limit_warning,limit_warning,0.9999944
none,none,0.99999285
none,none,0.99999046
none,none,0.9999988
none,none,0.9999862
none,none,0.99999726
sleep,sleep,0.9999691
none,none,0.9999176
none,none,0.99998903
both,both,0.9999968
none,none,0.9999857
sleep,sleep,0.9930627
sleep,sleep,0.99998224
limit_warning,limit_warning,0.9999664
limit_warning,limit_warning,0.99999547
limit_warning,limit_warning,0.9999999
sleep,sleep,0.99998164
none,none,0.9991955
none,none,0.9999844
none,none,0.9999809
none,none,0.9999182
none,none,0.9984137
none,none,0.99999535
none,none,0.99999774
none,none,0.9999865
none,none,0.99984634
sleep,sleep,0.99995375
none,none,0.87224656
none,none,0.99996424
none,none,0.99988973
none,none,0.9998975
none,none,0.9999994
none,none,0.99990165
none,none,0.9999517
none,none,0.9999968
sleep,sleep,0.9985153
none,none,0.8455116
limit_warning,limit_warning,0.9999875
none,none,0.9999975
none,sleep,0.7330923
none,none,0.999998
none,none,0.999998
none,none,0.99998915
none,none,0.99998605
none,none,0.99995387
none,none,0.99998116
none,none,0.9999914
none,none,0.99793124
none,none,0.986585
limit_warning,limit_warning,0.99999344
limit_warning,limit_warning,0.99995875
none,none,0.9999937
none,none,0.99999714
limit_warning,limit_warning,0.63722724
none,none,0.9999943
none,none,0.9999963
both,both,0.99548185
none,none,0.99999213
none,none,0.99999213
none,none,0.99993145
none,none,0.99835783
none,none,0.99999785
none,none,0.9999572
none,none,0.99995387
none,none,0.99986005
none,none,0.9999938
both,both,0.9999976
limit_warning,limit_warning,0.9999671
none,none,0.99995863
both,both,0.98204
limit_warning,limit_warning,0.99545395
none,none,0.9999769
none,none,0.9999819
none,none,0.9999714
none,none,0.99999774
none,none,0.9999995
both,both,0.99988174
none,none,0.99991
none,none,0.9999609
none,none,0.9999794
sleep,sleep,0.97961056
none,none,0.99997294
sleep,sleep,0.99998844
none,none,0.999966
none,none,0.99999166
limit_warning,limit_warning,0.9986986
none,none,0.99999785
none,none,0.99999225
none,none,0.9982664
none,none,0.99984145
none,none,0.999851
none,none,0.99916697
none,none,0.9999962
limit_warning,limit_warning,0.96698195
none,none,0.9999988
none,none,0.9999795
limit_warning,limit_warning,0.9999746
none,none,0.9999348
none,none,0.99999976
none,none,0.99999833
none,none,0.9999944
none,none,0.9998647
none,none,0.9999993
limit_warning,limit_warning,0.9996804
none,none,0.7367524
none,none,0.9999856
none,none,0.99996805
both,both,0.9986279
sleep,sleep,0.99948275
none,none,0.9999883
none,none,0.9999497
none,none,0.9999995
none,none,0.9999995
none,none,0.9824849
none,none,0.999933
none,none,0.99999595
none,none,0.9999957
none,none,0.9999802
none,none,0.99999964
none,none,0.99999976
none,none,0.99983
none,none,0.99992716
sleep,sleep,0.99884415
sleep,sleep,0.9975292
none,none,0.99999785
none,none,0.9999883
none,none,0.99997723
none,none,0.99999976
none,none,0.9999907
none,none,0.99999833
limit_warning,limit_warning,0.9913223
none,none,1.0
none,none,0.9999869
limit_warning,limit_warning,0.9999113
none,none,0.9999993
limit_warning,limit_warning,0.999956
sleep,sleep,0.9989318
none,none,0.99996614
sleep,sleep,0.99928963
none,none,0.9999994
limit_warning,limit_warning,0.99885356
none,none,0.9999672
none,none,0.9999925
none,none,0.99972683
none,none,0.9999968
none,none,0.9999999
none,none,0.9999975
sleep,sleep,0.9999579
none,none,0.9999989
limit_warning,limit_warning,0.9999794
none,none,0.99998844
none,none,0.99999964
none,none,0.99999917
none,none,0.9999943
none,none,0.8854471
limit_warning,limit_warning,0.93374985
none,none,0.999979
none,none,0.9999908
sleep,sleep,0.99844956
limit_warning,limit_warning,0.99999785
none,none,0.99995303
sleep,sleep,0.9980989
both,both,0.9999926
none,none,0.9999989
none,none,0.9999995
limit_warning,limit_warning,0.9999809
sleep,sleep,0.9964709
none,none,0.99999595
none,none,0.9999988
none,none,0.999995
none,none,0.99999094
sleep,sleep,0.99979407
none,none,0.99999285
none,none,0.999985
both,both,0.99999714
both,both,0.9999981
none,none,0.99999726
none,none,0.99998116
both,both,0.9999999
none,none,0.9999981
none,none,0.999998
none,none,0.9999995
sleep,sleep,0.99579155
none,none,0.9999871
none,none,0.99998546
none,none,0.9928792
none,none,0.9999707
limit_warning,limit_warning,0.9999957
none,none,0.9998927
none,none,0.99980193
none,none,0.99999905
none,none,0.9999988
none,none,0.99999976
none,none,0.9999995
sleep,sleep,0.9999572
none,none,0.99998367
both,both,0.99999213
none,none,0.99996996
none,none,0.9999994
both,both,0.9997451
none,none,0.99998677
both,both,0.9921972
none,none,0.9999747
none,none,0.99999976
both,both,0.9999963
both,both,0.9999995
none,none,0.99999297
none,none,0.99999416
none,none,0.99994123
none,none,0.99997914
none,none,0.99856263
limit_warning,limit_warning,0.9847824
none,none,0.99999225
none,none,0.99997926
none,none,0.9999447
both,both,0.9999995
none,none,0.99994874
sleep,sleep,0.99995315
none,none,0.99997914
none,none,0.9999982
none,none,0.9999852
none,none,0.9999714
none,none,0.99993753
sleep,sleep,0.99978
limit_warning,limit_warning,0.9999957
limit_warning,limit_warning,0.99999404
sleep,sleep,0.9999912
limit_warning,limit_warning,0.9925222
none,none,0.9999751
none,none,0.9999944
none,none,0.99999976
none,none,0.99999976
none,none,0.99999964
none,none,0.9999769
none,none,0.9999913
none,none,0.9999863
none,none,0.9999875
none,none,0.9999999
both,both,0.9999782
none,none,0.9541004
none,none,0.99999166
none,none,0.99995136
none,none,0.9999982
none,none,0.9999993
none,none,0.99998987
none,none,0.9999938
sleep,sleep,0.99954754
none,none,0.9999776
none,none,0.99999845
sleep,sleep,0.9999759
none,none,0.99999917
none,none,0.99952686
none,none,0.99999464
none,none,0.99999917
both,both,0.99999475
none,none,0.9999951
none,none,0.9999862
none,none,0.99997103
none,none,0.99998915
none,none,0.99999845
none,none,0.999967
limit_warning,limit_warning,0.99973696
none,none,0.99993503
none,none,0.9999945
none,none,0.99997914
none,none,0.9998055
none,none,0.9999838
none,none,0.6931158
both,both,0.99991965
none,none,0.99998665
both,both,0.9999273
none,none,0.9999993
none,none,0.99991906
sleep,sleep,0.9991379
none,none,0.9996532
none,none,0.9999795
none,none,0.99998176
limit_warning,limit_warning,0.9999695
none,none,0.9999728
limit_warning,limit_warning,0.9968592
sleep,sleep,0.98747766
limit_warning,limit_warning,0.99988663
none,none,0.9999753
none,none,0.9999995
none,none,0.99999774
none,none,0.9999778
none,none,0.999972
none,none,0.9999995
both,both,0.9999919
none,none,0.99999595
both,both,0.99991274
none,none,0.99989426
sleep,sleep,0.9997274
none,none,0.9999981
none,none,0.99999106
none,none,0.97996247
limit_warning,limit_warning,0.9999994
none,none,0.9999825
none,none,0.9999968
sleep,sleep,0.999982
none,none,0.99985135
none,none,0.99999523
none,none,0.9999907
none,none,0.9999981
none,none,0.9975293
none,none,0.9999957
none,none,1.0
none,none,0.9999962
sleep,sleep,0.9999876
none,none,0.99999714
sleep,sleep,0.9915093
none,none,0.99994206
none,none,0.9999999
none,none,0.99995804
none,none,0.9999913
none,none,0.99999475
none,none,0.9999268
none,none,0.9999964
none,none,0.99999845
sleep,sleep,0.99995244
none,none,0.99998534
none,none,0.9999926
sleep,sleep,0.99989974
none,none,0.9999423
none,none,0.9999995
none,none,0.9624017
none,none,0.99999595
sleep,sleep,0.9999504
limit_warning,limit_warning,0.99996555
sleep,sleep,0.9999039
none,none,0.9999949
none,none,0.9999763
none,none,0.999992
none,none,1.0
none,none,0.99999917
none,none,0.9999976
sleep,sleep,0.98469836
limit_warning,limit_warning,0.9999943
none,none,0.9997199
limit_warning,limit_warning,0.99989545
none,none,0.9999989
sleep,sleep,0.9836218
none,none,0.99999785
limit_warning,limit_warning,0.99955505
none,none,0.99999857
none,none,0.9999465
none,none,0.9999478
none,none,0.99999
sleep,sleep,0.99999
none,none,0.9998437
none,none,1.0
none,none,0.99999964
none,none,0.99999976
limit_warning,limit_warning,0.99997497
none,none,0.99958545
none,none,0.9999976
none,none,0.99999297
none,none,0.9999379
both,both,0.9941689
sleep,sleep,0.8414659
limit_warning,limit_warning,0.9999728
both,both,0.87772083
none,none,0.9998499
none,sleep,0.9375557
none,none,0.99982196
limit_warning,limit_warning,0.9999771
none,none,1.0
none,none,0.9804258
limit_warning,limit_warning,0.9815993
none,none,0.9999821
sleep,sleep,0.999992
sleep,sleep,0.9999436
none,none,0.99999714
none,none,0.99987507
none,none,0.99999845
none,none,0.9999746
none,none,0.9999987
limit_warning,limit_warning,0.99996734
none,none,0.9999901
none,none,0.99999166
sleep,sleep,0.9999621
none,none,0.9999963
both,both,0.999848
none,none,1.0
none,none,0.99999654
limit_warning,limit_warning,0.99947625
none,none,0.9999646
none,none,0.9999982
none,none,0.9985378
none,none,0.99998176
none,none,0.99999785
none,none,0.99996734
none,none,0.9999883
none,none,0.986405
none,none,0.99999726
none,none,0.9999722
none,none,0.9999863
sleep,sleep,0.9933674
none,none,0.99998605
none,none,0.99998295
sleep,sleep,0.9950294
none,none,1.0
both,both,0.97160643
limit_warning,limit_warning,0.9995209
none,none,0.99999857
none,none,0.99999833
none,none,0.9999651
both,both,0.8249241
none,none,0.5585126
none,none,0.99965227
none,none,0.97820354
limit_warning,limit_warning,0.9989285
limit_warning,limit_warning,0.9999988
limit_warning,limit_warning,0.9999734
none,none,0.99998
none,none,0.9999974
none,sleep,0.7385917
none,none,0.9999994
none,none,0.8405155
none,none,0.9999827
none,none,0.9999956
both,both,0.999995
both,both,0.9684039
none,none,0.99996984
limit_warning,limit_warning,0.9999988
none,none,0.99999464
none,none,0.9999937
none,none,0.99992824
both,both,0.9999341
none,none,0.9999831
none,none,0.99996746
limit_warning,limit_warning,0.99997103
none,none,0.99997735
none,none,0.9999716
none,none,0.99999785
none,none,0.9999889
none,none,0.9999672
none,none,1.0
sleep,sleep,0.99983466
none,none,0.9999596
none,none,0.99999404
sleep,sleep,0.99840325
none,none,0.99999905
none,none,0.999905
none,none,0.9999896
none,none,0.999767
none,none,0.9999963
none,none,0.9999932
none,none,0.99999785
none,none,0.99975294
none,none,0.99999964
none,none,0.8773807
both,both,0.99878806
none,none,0.99990845
none,none,0.9999999
none,none,0.9997936
none,none,0.99998355
sleep,sleep,0.9999721
none,none,0.9999938
none,none,0.99999
limit_warning,limit_warning,0.96928036
sleep,sleep,0.99509037
none,none,0.9999982
none,none,0.9999995
none,none,0.9623015
none,none,0.9526775
none,none,0.9999944
none,none,0.9998859
none,none,0.9999136
both,both,0.99863213
sleep,sleep,0.99994016
none,none,0.99996257
both,both,0.9999989
none,none,0.99981874
none,none,0.9999727
none,none,0.9999856
none,none,0.9998543
limit_warning,limit_warning,0.9991246
sleep,sleep,0.99966526
none,none,0.9999943
none,none,0.6360265
limit_warning,limit_warning,0.9999473
limit_warning,limit_warning,0.99992037
none,none,0.9999975
both,both,0.9999169
none,none,0.9999999
none,none,1.0
none,none,0.99999714
none,none,0.711549
none,none,0.9999733
none,none,0.9997398
limit_warning,limit_warning,0.9998878
none,none,0.9999988
none,none,0.9997117
none,none,0.9999976
none,none,0.9999999
none,none,0.9999958
both,both,0.9983907
none,none,0.9999933
none,none,0.99998605
none,none,0.9999993
limit_warning,limit_warning,0.9999976
none,none,0.999982
none,none,0.9998437
none,none,0.99999666
none,none,0.9998247
none,none,0.999995
none,none,1.0
none,none,0.9999831
none,none,0.99999654
none,none,0.9999373
both,both,0.99999595
none,none,0.9999981
none,none,0.99998546
none,none,0.9999869
none,none,0.8679909
none,none,0.9999982
none,none,0.99997807
none,none,0.99998665
none,none,0.9975751
none,none,0.999835
none,none,0.99996746
none,none,1.0
none,none,0.99999845
none,none,1.0
sleep,sleep,0.99994826
none,none,0.99999
none,none,0.999739
none,none,0.99994445
none,none,0.9999932
none,none,0.99999034
none,none,0.9999167
both,both,0.9999839
both,both,0.9999865
none,none,0.9998331
none,none,0.99997926
sleep,sleep,0.99504185
none,none,0.9997645
sleep,sleep,0.9999876
none,none,0.9999887
none,none,0.9999342
none,none,0.9999801
none,none,0.9999627
none,none,0.95807713
sleep,sleep,0.92447716
none,none,0.9999994
none,none,0.99995553
none,none,0.9999862
none,none,0.99999785
none,none,0.99999785
none,none,0.73016304
none,none,0.99992335
limit_warning,limit_warning,0.9999194
sleep,sleep,0.99966156
sleep,sleep,0.99991953
none,none,0.52857
sleep,sleep,0.89357847
none,none,0.99997795
none,none,0.99984765
limit_warning,limit_warning,0.99998105
sleep,sleep,0.99982893
none,none,0.99981254
none,none,0.9999827
none,none,0.9999746
none,none,0.999944
none,none,0.9999498
none,none,0.9999722
none,none,0.99993205
none,none,0.9999964
none,none,0.9999912
none,none,0.99675375
none,none,0.999998
both,both,0.999624
none,none,0.9999993
limit_warning,limit_warning,0.9865928
none,none,0.9988325
limit_warning,limit_warning,0.9999167
none,none,0.99684626
none,none,0.9999958
limit_warning,limit_warning,0.99509984
limit_warning,limit_warning,0.9953448
none,none,0.999928
none,none,0.9999001
none,none,0.99999046
none,none,0.99999976
none,none,0.99997973
none,none,0.9999312
none,none,0.9997695
none,none,0.99988914
none,none,0.99999964
limit_warning,limit_warning,0.9978811
none,none,0.9685299
sleep,sleep,0.99955183
none,none,0.9999366
limit_warning,limit_warning,0.99999595
none,none,0.9999924
limit_warning,limit_warning,0.99997044
none,none,0.9999981
sleep,sleep,0.99997616
none,none,0.9999999
both,both,0.99955684
none,none,0.9999871
none,none,0.99995005
none,none,0.99996734
sleep,sleep,0.84705853
none,none,0.9974413
none,none,0.9999995
limit_warning,limit_warning,0.99745005
none,none,0.99999213
none,none,0.9999964
none,none,0.99984455
limit_warning,limit_warning,0.9997142
none,none,0.9999988
none,none,0.9997693
none,none,1.0
none,none,0.9999999
none,none,0.9999845
none,none,0.9999975
none,none,0.99999833
none,none,0.99993336
none,none,0.9999845
none,none,0.99999714
none,none,0.9999945
none,sleep,0.65686667
both,both,0.9999703
none,none,0.9980198
limit_warning,limit_warning,0.9999397
none,none,0.9999993
none,none,0.9999963
none,none,0.9999908
none,none,0.9999726
sleep,sleep,0.94312537
none,none,0.9999919
none,none,0.9998504
both,both,0.99869686
limit_warning,limit_warning,0.9999937
none,none,0.9999864
none,none,0.99997056
sleep,sleep,0.99999404
none,none,0.9999708
limit_warning,limit_warning,0.99990845
none,none,1.0
none,none,0.9999608
sleep,sleep,0.98808074
none,none,0.999918
none,none,0.9999906
none,none,0.99999523
sleep,sleep,0.9999809
limit_warning,limit_warning,0.9999554
none,none,0.9999932
none,none,0.99994624
none,none,0.99995565
none,none,0.99999917
sleep,sleep,0.99996793
none,none,0.9999937
none,none,0.999997
both,both,0.99557567
none,none,0.9999734
none,none,0.9999124
both,both,0.9998272
limit_warning,limit_warning,0.99999
both,both,0.999997
both,both,0.999962
none,none,0.9996573
none,none,0.9999999
none,none,0.9999671
none,none,0.9999957
none,sleep,0.9554477
limit_warning,limit_warning,0.9779285
none,none,0.9999863
sleep,sleep,0.98105043
sleep,sleep,0.99964
limit_warning,limit_warning,0.99855846
none,none,0.9994081
limit_warning,limit_warning,0.99996984
sleep,sleep,0.999995
sleep,sleep,0.99981266
limit_warning,limit_warning,0.99999905
none,none,0.9999794
none,none,0.9999865
none,none,0.9997017
none,none,0.9998758
none,none,0.99999857
none,none,0.999902
none,none,0.99999976
both,both,0.99993086
none,none,0.9999962
none,none,0.99999654
none,none,0.9999981
sleep,sleep,0.99999774
none,none,0.99999845
none,none,0.9999932
none,none,0.99999845
limit_warning,limit_warning,0.99998987
none,none,1.0
none,none,0.99998903
limit_warning,limit_warning,0.9999603
none,none,1.0
limit_warning,limit_warning,0.9832896
none,none,0.99999845
none,none,0.9999913
limit_warning,limit_warning,0.6180506
both,both,0.99910283
both,both,0.91170156
none,none,0.9999546
none,none,0.9828728
sleep,sleep,0.99929774
none,none,0.9999988
none,none,0.99999833
none,none,0.99999845
none,none,1.0
none,none,0.9999989
none,none,0.999764
none,none,0.99997616
none,none,0.9999993
none,none,0.9999757
none,none,0.9999962
sleep,sleep,0.9993456
none,none,0.9999894
limit_warning,limit_warning,0.9999937
none,none,0.99999297
none,none,0.94162464
sleep,sleep,0.99998987
none,none,0.9996784
none,none,0.9999974
none,limit_warning,0.9559675
none,none,0.996745
none,none,0.9999999
none,none,0.97616667
none,none,0.99999654
none,none,0.999998
none,none,0.9999999
sleep,sleep,0.99999726
none,none,0.99993765
none,none,0.9999833
none,none,0.99991894
none,none,0.99999845
none,none,0.8939923
none,none,0.9999558
none,none,0.9999728
none,none,0.99999714
none,none,0.9999969
limit_warning,limit_warning,0.98713195
none,none,0.99999917
limit_warning,limit_warning,0.99999595
both,both,0.9999932
none,none,0.99995923
none,none,0.98229724
sleep,sleep,0.8616504
none,none,0.9998123
none,none,0.99999976
limit_warning,limit_warning,0.9995173
none,none,0.9999981
none,none,0.9999993
both,both,0.99999964
none,none,1.0
none,none,0.9999914
none,none,0.9999939
none,none,0.9999783
none,none,0.9999982
none,sleep,0.78533685
none,none,0.9999975
sleep,sleep,0.9997018
both,both,0.999995
none,none,0.9999937
none,none,0.99998736
none,none,0.99973804
limit_warning,limit_warning,0.99997234
none,none,0.99999416
none,none,0.99902
none,none,0.99999976
none,none,1.0
none,none,0.9998481
none,none,0.9999769
limit_warning,limit_warning,0.97010976
none,none,0.9999449
none,none,0.9999939
both,both,0.99998844
sleep,sleep,0.9999943
none,none,0.999995
limit_warning,limit_warning,0.99975044
none,none,0.999897
none,none,0.99996364
none,none,0.9999567
none,none,0.9999814
none,none,0.99996924
none,none,0.99997854
none,none,0.999997
none,none,0.99999523
none,none,0.9999976
sleep,sleep,0.9999974
none,none,0.9999962
sleep,sleep,0.99988914
none,none,0.91068774
none,none,0.99998605
limit_warning,limit_warning,0.9994609
none,none,0.99999416
none,none,0.99996257
none,limit_warning,0.82936966
sleep,sleep,0.99977154
limit_warning,limit_warning,0.9999542
limit_warning,limit_warning,0.9940222
none,none,0.99993753
limit_warning,limit_warning,0.9999901
none,none,0.9999958
none,none,0.9999993
none,none,0.9999615
none,none,0.9998118
none,none,0.99999535
none,none,0.99999726
none,none,0.9999708
none,none,0.99999905
none,none,0.99993634
none,none,0.9999982
none,none,0.999992
none,none,0.9999076
none,none,0.99999785
none,none,0.9999975
none,none,1.0
none,none,1.0
limit_warning,limit_warning,0.82110536
none,none,0.99993706
both,both,0.7164801
sleep,sleep,0.9837217
none,none,0.99999964
none,none,0.99998903
none,none,0.99999964
limit_warning,limit_warning,0.9998543
none,none,0.99998176
sleep,sleep,0.97804356
none,none,0.9995047
none,none,0.9999989
limit_warning,limit_warning,0.99999964
none,none,1.0
none,none,0.999997
both,both,0.99999547
none,none,0.9962453
none,none,0.99999595
none,none,0.99999714
none,none,0.9957694
limit_warning,limit_warning,0.9259503
limit_warning,limit_warning,0.9538605
none,sleep,0.750308
both,both,0.99997866
both,both,0.9999553
none,none,0.9999902
none,none,0.9999932
none,none,0.999977
none,none,0.999998
none,none,0.9966324
none,none,0.9999975
none,none,0.99999964
none,none,0.99999034
sleep,sleep,0.99991536
none,none,0.9999994
limit_warning,limit_warning,0.99997735
both,both,0.5682699
none,none,0.9999982
both,both,0.9999945
none,none,0.99997544
none,none,0.9999894
both,both,0.9999924
limit_warning,limit_warning,0.9996032
both,both,0.99999905
none,none,0.9999925
none,none,0.9999894
none,none,0.99998915
none,none,0.9999975
none,none,0.99994385
none,none,0.9965063
sleep,sleep,0.9999597
none,none,0.9999783
none,none,0.99992836
none,none,0.999998
none,none,0.9994572
limit_warning,limit_warning,0.9998399
sleep,sleep,0.9751629
none,none,0.9999827
none,none,0.9994717
none,none,0.9999819
none,none,0.9999919
none,none,0.98009914
limit_warning,limit_warning,0.9999386
none,none,0.999859
limit_warning,limit_warning,0.9493249
none,none,0.9999956
none,none,0.9999212
none,none,0.99999905
sleep,sleep,0.9999441
none,none,0.99999774
none,none,0.9999448
none,none,0.9999968
none,none,0.998061
none,none,0.9999901
none,none,0.99996483
none,none,0.9999999
none,none,0.9999331
none,none,0.99998987
none,none,0.9999474
none,none,0.99998486
none,none,0.99999917
none,none,0.9999914
none,none,0.9999821
none,none,0.99998975
none,none,0.99998856
none,none,0.99999607
none,none,0.9999932
sleep,sleep,0.99996626
none,none,0.999954
none,none,0.99986756
none,none,0.9999443
none,sleep,0.8561648
both,both,0.99963903
none,none,0.9999901
none,none,0.9995228
limit_warning,limit_warning,0.9999852
none,none,0.5234138
none,none,0.9572412
none,limit_warning,0.86610794
none,none,0.9999857
sleep,sleep,0.99997985
none,none,0.9999938
none,none,0.99998724
none,none,0.99996066
none,none,0.99998724
none,none,0.9999956
none,none,0.9999399
none,none,0.99999714
sleep,sleep,0.99997747
limit_warning,limit_warning,1.0
none,none,0.99989855
limit_warning,limit_warning,0.99997354
none,none,0.99975926
none,none,0.9999894
none,none,0.99997807
limit_warning,limit_warning,0.9999982
sleep,sleep,0.9994349
limit_warning,limit_warning,0.9843807
none,none,0.9999201
none,none,0.9999958
none,none,0.9999825
none,none,0.9999908
none,none,0.9998559
none,none,0.9997009
none,none,0.99998045
both,both,0.74112946
none,none,0.9644589
none,none,0.9999858
limit_warning,limit_warning,0.72661436
none,none,0.9814269
limit_warning,limit_warning,0.9999205
limit_warning,limit_warning,0.9977556
none,none,0.9998672
none,none,0.9999999
none,none,0.99995637
none,none,0.99999774
none,none,0.9999981
sleep,sleep,0.9999732
none,none,0.99999225
none,none,0.999972
none,sleep,0.6439723
none,none,0.999959
none,none,0.9999957
none,none,0.9999993
none,none,0.9999994
none,none,0.9999763
none,none,0.9999813
none,none,0.9999751
none,none,0.9999876
limit_warning,limit_warning,0.9999913
sleep,sleep,0.99935824
limit_warning,both,0.6913941
none,none,0.99990714
none,none,0.99971026
none,none,0.9999994
limit_warning,limit_warning,0.9657923
none,none,0.68734443
none,none,0.99999094
none,none,0.9999924
sleep,sleep,0.96590257
none,none,0.99999344
limit_warning,limit_warning,0.6417717
limit_warning,limit_warning,0.99992096
none,none,0.99993265
none,none,0.99999106
none,none,0.9996834
limit_warning,limit_warning,0.99994254
none,none,0.9999913
none,none,0.99992037
none,none,0.99997973
limit_warning,limit_warning,0.9996731
none,none,0.9968195
none,none,0.999984
none,none,0.9999995
none,none,0.9999682
both,both,0.9998449
none,none,0.9999949
sleep,sleep,0.99869823
none,none,0.99997914
none,none,0.9999989
sleep,sleep,0.7218717
none,none,0.9999136
none,none,0.999997
none,none,0.9999933
none,none,0.9999999
none,none,0.9999937
none,none,0.9822155
limit_warning,limit_warning,0.9999865
none,none,0.99997616
sleep,sleep,0.999835
none,none,0.9999964
none,none,1.0
none,none,0.9999746
none,none,0.9999949
none,none,0.9999647
none,none,0.9999584
sleep,sleep,0.9999976
none,none,0.9999995
none,none,0.9998412
limit_warning,limit_warning,0.9999845
sleep,sleep,0.9999988
none,none,0.9998005
none,none,0.9999994
none,none,0.9999993
none,none,0.9999864
none,none,0.999871
none,none,0.9999949
both,both,0.9997942
both,both,0.9999982
sleep,sleep,0.9998061
none,none,0.99998844
none,none,0.99999845
sleep,sleep,0.99965966
none,none,0.9999927
limit_warning,limit_warning,0.99998164
both,both,0.9977329
none,none,0.9996871
none,none,0.99552345
none,none,0.999982
none,none,0.9999566
none,none,0.9999764
none,none,0.9999962
none,none,0.99949205
none,none,0.9999566
none,none,0.99999523
none,none,0.99992263
sleep,sleep,0.995955
none,none,0.9999987
limit_warning,limit_warning,0.99993587
sleep,sleep,0.9999825
none,none,0.9999906
none,none,0.9999858
none,none,0.99999404
none,none,0.99999106
none,none,0.9999702
none,none,0.9996836
none,none,0.99997354
none,none,0.9999968
none,none,0.9999205
both,both,0.9999944
sleep,sleep,0.99893063
both,both,0.9999914
none,none,0.6140979
both,both,0.9999974
none,none,0.909795
none,none,0.99960285
none,none,0.9999994
none,none,0.9999907
sleep,sleep,0.9614236
none,none,0.9989919
none,none,0.9999994
none,none,0.99999344
none,none,0.99992716
none,none,0.9999906
sleep,sleep,0.99994135
none,none,0.99996805
none,none,0.9999641
limit_warning,limit_warning,0.99995613
none,none,0.99995494
both,both,0.99999726
none,none,0.99998605
none,none,0.9999937
both,both,0.99991155
limit_warning,limit_warning,0.99897194
none,none,0.9999794
sleep,sleep,0.9633601
none,none,0.9999392
none,none,0.9999739
none,none,0.99997485
none,none,0.9999969
none,none,0.9999908
none,none,0.9999943
limit_warning,limit_warning,0.99986005
sleep,sleep,0.6277437
none,none,0.9999999
none,none,0.99999464
none,none,0.999995
none,none,0.9999993
both,both,0.9999908
limit_warning,limit_warning,0.9999765
none,none,0.9999987
both,both,0.9999405
none,none,0.9999975
none,none,0.9999442
limit_warning,limit_warning,1.0
both,both,0.99999976
none,none,0.9999962
none,none,0.99999976
none,none,0.9999989
limit_warning,limit_warning,0.99999666
none,none,0.999956
sleep,sleep,0.99997604
limit_warning,limit_warning,0.99981374
limit_warning,limit_warning,0.9999976
none,none,0.99999547
sleep,sleep,0.9998754
none,none,0.99997115
none,none,0.99999857
none,none,0.8981904
none,none,0.9996675
none,none,0.99999356
none,none,0.99999905
none,none,0.9999988
none,none,0.9973009
none,none,0.9999883
none,none,0.9999988
none,none,0.9968231
sleep,sleep,0.9795344
none,none,0.99748933
sleep,sleep,0.9998628
none,none,0.9999894
none,none,0.9993622
none,none,0.9999944
none,none,0.9999888
none,none,0.9998876
none,none,0.999949
sleep,sleep,0.98049015
none,none,0.9999951
none,none,1.0
none,none,0.9999852
none,none,0.9999988
none,none,0.94681686
none,none,0.99999976
none,none,0.9999906
none,none,0.9999993
none,none,0.99999964
none,none,0.99984944
limit_warning,limit_warning,0.9118167
none,none,0.9999958
sleep,sleep,0.9999987
none,none,0.9997068
sleep,sleep,0.98211193
none,none,0.9999529
none,none,0.9994324
none,none,0.9999975
none,none,0.99993885
none,none,0.85523355
none,none,0.9868966
none,none,0.99999845
limit_warning,limit_warning,0.9973586
none,none,0.99999154
sleep,sleep,0.999941
sleep,sleep,0.99999404
none,none,0.9998111
none,none,0.9999727
sleep,sleep,0.9999654
sleep,sleep,0.9986657
none,none,0.9999958
both,both,0.999992
none,none,0.99999917
none,none,0.9999995
none,none,0.9999939
none,none,0.9999074
limit_warning,limit_warning,0.99402446
sleep,sleep,0.94542897
none,none,0.999995
none,none,0.9999951
sleep,sleep,0.99999917
none,none,0.9999926
none,none,0.99998486
none,none,0.9999993
none,none,0.99990404
limit_warning,limit_warning,0.99993896
none,none,0.9999242
none,none,0.99999857
none,none,1.0
none,none,0.9999939
none,none,0.9999783
none,none,0.9999826
none,none,0.99997234
sleep,sleep,0.9995209
none,none,0.9999871
none,none,0.9999757
none,none,0.9999988
sleep,sleep,0.7094467
none,none,0.9999949
none,none,0.9999989
none,none,0.99948835
none,none,0.9998684
none,none,0.999972
none,none,0.9999733
none,none,1.0
none,none,0.9999906
both,both,0.6868163
limit_warning,limit_warning,0.9999695
none,none,0.99999833
none,none,0.99999464
none,none,0.9999901
none,none,0.99987614
none,none,0.9802334
none,none,0.9999844
none,none,0.9996352
none,none,0.9999945
sleep,sleep,0.99795616
both,both,0.9999778
none,none,0.9999981
none,none,0.99992096
none,none,0.8142427
limit_warning,limit_warning,0.9991986
none,none,0.9999999
none,none,0.99788886
none,none,0.9999958
none,none,0.9999739
both,both,0.99983096
none,none,0.9999968
none,none,0.99995625
none,none,0.99999774
none,none,0.9999964
limit_warning,limit_warning,0.97189415
none,none,0.999962
limit_warning,limit_warning,0.9999627
none,none,0.9999927
none,none,0.9999982
none,none,0.8673722
none,none,0.9999833
limit_warning,limit_warning,0.9999912
none,none,0.99602485
sleep,sleep,0.9999982
limit_warning,limit_warning,0.9999541
none,none,0.9999995
none,none,0.99990964
none,none,0.9999864
none,none,0.99992144
none,none,0.99998415
both,both,0.99999976
none,none,0.999995
none,none,0.99999905
none,none,0.99996066
sleep,sleep,0.9999323
none,none,1.0
none,none,0.999995
none,none,0.9999945
none,none,0.5839107
limit_warning,limit_warning,0.96340764
none,none,0.9999826
none,none,0.99963367
none,none,0.9999974
none,none,0.9999969
none,none,0.99990964
none,none,0.9999455
none,none,0.99993837
limit_warning,limit_warning,0.99941146
both,both,0.9489336
none,none,0.9999999
limit_warning,limit_warning,0.99999464
none,none,0.9999672
sleep,sleep,0.99999714
none,none,0.9999845
none,none,0.9999974
sleep,sleep,0.9998628
none,none,0.9900473
none,none,0.9999932
limit_warning,limit_warning,0.99999964
none,none,0.9999925
limit_warning,limit_warning,0.9912607
limit_warning,limit_warning,0.9996346
none,none,0.9999968
none,none,0.90488416
limit_warning,limit_warning,0.99998593
none,none,0.9989403
sleep,sleep,0.9999651
none,none,0.99999857
none,none,0.9999924
limit_warning,limit_warning,0.99994385
sleep,sleep,0.9996222
sleep,sleep,0.9999683
none,none,0.99681735
limit_warning,limit_warning,0.99999976
none,none,0.9999982
none,none,0.99975353
none,none,0.99988914
none,none,0.9979674
none,none,0.9999969
sleep,sleep,0.9999207
none,none,0.9999877
limit_warning,none,0.5057606
none,none,0.9999831
limit_warning,limit_warning,0.999881
none,none,0.99999964
none,none,0.99999976
none,none,1.0
none,none,0.99999356
none,none,0.9999882
none,none,0.9999871
none,none,0.99999964
both,both,0.9999536
none,none,0.9995134
both,limit_warning,0.99897337
none,none,0.9999914
none,none,0.9999938
none,none,0.99999595
none,none,0.99999666
none,none,0.9999846
none,none,0.9884022
none,none,0.99999654
limit_warning,limit_warning,0.99960154
none,none,0.9999995
none,none,0.9994259
none,none,0.9999988
none,none,0.99995446
sleep,sleep,0.9998412
none,none,0.9996208
none,none,0.9999987
none,none,0.9997702
none,none,0.99999857
none,none,0.9999982
limit_warning,limit_warning,0.99994993
sleep,sleep,0.9999709
none,none,0.9999896
none,none,0.99999464
none,none,0.99999166
none,none,0.99999523
none,none,0.9999968
none,none,0.99997675
sleep,sleep,0.99528104
none,none,0.9999994
none,none,0.9999862
none,none,0.9999751
limit_warning,limit_warning,0.9998311
none,none,0.9999981
limit_warning,limit_warning,0.9999534
none,none,0.99998665
none,none,0.99999523
both,both,0.9999994
none,none,0.99999356
none,none,0.9999962
none,none,0.9999113
limit_warning,limit_warning,0.93320256
none,none,0.9999864
sleep,sleep,0.9999949
none,none,0.999746
none,none,0.9999964
none,none,0.9999819
none,none,0.99999464
none,none,0.99999905
none,none,0.9999949
none,none,0.99999964
none,none,0.9973769
none,none,0.9999869
none,none,0.99988186
none,none,0.9989085
none,none,1.0
none,none,0.9999999
none,none,0.9999691
none,none,0.99994326
none,none,0.99995494
none,none,0.99999416
sleep,sleep,0.9986463
none,none,0.9998828
none,none,0.9999267
none,none,0.9999975
none,none,0.9999995
none,none,0.9999988
none,none,0.99999857
none,none,0.99985623
both,both,0.9760113
both,both,0.9999938
both,both,0.99999964
none,none,0.99999785
none,none,0.9999976
sleep,sleep,0.99996114
none,none,0.9999943
sleep,sleep,0.97958857
none,none,0.9999201
none,none,0.8314411
none,none,0.9999927
none,none,0.9999888
none,none,0.9996269
none,none,0.99997294
none,sleep,0.94057477
none,none,0.9999654
none,none,0.99999976
none,none,0.9999989
none,none,0.9999913
limit_warning,limit_warning,0.8207424
both,both,0.99992096
sleep,sleep,0.9975108
none,none,0.9999958
sleep,sleep,0.99999607
limit_warning,limit_warning,0.9999124
none,none,0.9999908
none,none,0.99997926
none,none,0.99998987
none,none,0.99999976
none,none,0.98685765
none,none,0.9995221
none,none,0.99999976
none,none,0.9998104
limit_warning,limit_warning,0.9880656
none,none,0.9999981
none,none,0.99995744
none,none,0.9991911
none,none,0.9998024
limit_warning,limit_warning,0.999405
none,none,0.999816
limit_warning,limit_warning,0.9999914
sleep,sleep,0.9984396
none,none,0.9999932
none,none,0.99999106
both,limit_warning,0.6932153
none,none,0.99999535
none,none,0.9999809
none,none,0.99994516
both,both,0.999974
none,none,0.99235594
none,none,0.9851773
none,none,0.98527676
none,none,0.9999995
none,none,0.99999785
none,none,0.99999964
none,none,0.9999082
none,none,0.99999774
none,none,0.99999595
sleep,sleep,0.99728024
none,none,0.9999951
sleep,sleep,0.99811625
both,both,0.999982
none,none,0.9906363
none,none,0.9999975
none,none,1.0
limit_warning,limit_warning,0.999992
none,none,0.9999987
sleep,sleep,0.9999635
sleep,sleep,0.99984443
none,none,0.9999907
none,none,0.99964035
both,both,0.99995947
none,none,0.9999759
sleep,sleep,0.99997544
none,none,0.9999994
none,none,0.99993837
none,none,0.9999676
sleep,sleep,0.9987766
both,both,0.99966466
none,sleep,0.7012045
none,none,0.9999943
none,none,0.989562
none,none,0.99997044
none,none,0.99999905
none,none,0.9999758
none,none,0.9999604
none,none,1.0
none,none,0.99999857
none,none,0.9990018
none,none,0.9999974
none,none,0.9776859
none,none,0.9999757
none,none,0.9999615
none,none,0.9999999
none,none,0.999992
none,none,0.99964476
none,none,0.9999926
none,none,0.999995
sleep,sleep,0.99995816
limit_warning,limit_warning,0.99999
none,none,0.99999225
none,none,0.9999654
both,both,0.9999968
limit_warning,limit_warning,0.9997142
none,none,0.9999964
none,none,0.9993686
none,none,0.99999726
none,none,0.9999515
none,none,0.99999404
none,none,0.99999845
none,none,0.99999666
none,none,0.9999989
none,none,0.9999999
none,none,0.99999714
none,none,0.99999475
limit_warning,limit_warning,0.9999324
none,none,0.9999535
none,none,0.9999976
none,none,1.0
none,none,0.99999964
none,limit_warning,0.75803626
none,none,0.9999989
none,none,0.9999963
none,none,0.9999839
none,none,0.99998116
none,none,0.9999914
sleep,sleep,0.9999833
none,none,0.9999933
sleep,sleep,0.9430709
sleep,sleep,0.999977
none,none,0.999997
sleep,sleep,0.9997241
none,none,0.99992514
limit_warning,limit_warning,0.9712332
none,none,0.9999995
limit_warning,limit_warning,0.99941313
limit_warning,limit_warning,0.99583936
none,none,0.99999654
none,none,1.0
sleep,sleep,0.9990357
none,none,0.9999964
none,none,0.9351718
none,none,0.9999987
none,none,0.99994993
none,none,0.9999999
both,both,0.99999666
limit_warning,limit_warning,0.999977
none,none,0.9996537
limit_warning,limit_warning,0.9999778
none,none,0.9999907
none,none,0.9799509
none,none,0.999984
limit_warning,limit_warning,0.99994516
none,none,0.9999989
both,both,0.99998426
none,none,0.99997675
none,none,0.9990502
none,none,0.99999905
none,none,0.9999832
none,none,0.9999386
sleep,sleep,0.9997068
none,none,0.9999943
none,none,0.99999964
sleep,sleep,0.9994324
none,none,0.99996054
none,none,0.99996614
none,none,0.9998503
none,none,0.9999918
none,none,0.9998323
none,none,0.997459
none,none,0.9991314
none,none,0.8343672
none,none,0.9999914
none,none,0.99996495
none,none,0.99999905
none,none,0.99999607
none,none,0.9996581
both,sleep,0.82663643
none,none,0.9999895
none,none,0.9998466
none,none,0.99999726
limit_warning,limit_warning,0.7888829
none,none,0.99999785
limit_warning,limit_warning,0.99999785
sleep,sleep,0.96919405
both,both,0.99999905
none,none,0.99998975
none,none,0.99999833
limit_warning,limit_warning,0.9997942
none,none,0.9999062
none,none,0.99995685
none,none,0.9999
limit_warning,limit_warning,0.9996929
none,none,0.9999912
none,none,0.99999475
none,none,0.99999654
none,none,0.9999975
none,sleep,0.5963295
none,none,0.99998724
none,none,0.9999846
none,none,0.9999988
none,none,0.99999785
none,none,0.99999785
none,none,0.9994967
none,none,0.99999607
limit_warning,limit_warning,0.99834406
none,none,0.9998274
limit_warning,limit_warning,0.9999995
none,none,0.99992144
none,none,0.99999726
none,none,0.9999976
none,none,0.99999535
both,both,0.9982936
limit_warning,limit_warning,0.8406283
none,none,0.99999845
none,none,0.9999951
none,none,0.99978787
none,none,0.9999858
none,none,0.9999857
limit_warning,limit_warning,0.99993825
sleep,sleep,0.99993944
none,none,0.99999905
none,none,0.999995
